aa,orf1ab,T1001I
aa,orf1ab,A1708D
aa,orf1ab,I2230T
del,11288,9
del,21765,6
del,21991,3
aa,S,N501Y
aa,S,A570D
aa,S,P681H
aa,S,T716I
aa,S,S982A
aa,S,D1118H
aa,Orf8,Q27*
aa,Orf8,R52I
aa,Orf8,Y73C
aa,N,D3L
aa,N,S235F
aa,E,P71L
aa,N,T205I
aa,orf1a,K1655N
aa,S,D80A
aa,S,D215G
aa,S,K417N
aa,S,A701V
aa,S,N501Y
aa,S,E484K
aa,orf1ab,S1188L
aa,orf1ab,K1795Q
del,11288,9
aa,S,L18F
aa,S,T20N
aa,S,P26S
aa,S,D138Y
aa,S,R190S
aa,S,K417T
aa,S,E484K
aa,S,N501Y
aa,S,H655Y
aa,S,T1027I
aa,orf3a,G174C
aa,orf8,E92K
aa,N,P80R
aa,S,F157L
aa,S,V367F
aa,S,Q613H
aa,S,P681R
aa,orf1ab,L4715F
aa,S,Q52R
aa,S,E484K
aa,S,Q677H
aa,S,F888L
aa,E,L21F
aa,E,I82T
del,11288,9
del,21765,6
del,28278,3
